<?xml version="1.0"?>
<!--
/**
 * This file is part of the Flurrybox EnhancedPrivacy package.
 *
 * DISCLAIMER
 *
 * Do not edit or add to this file if you wish to upgrade Flurrybox EnhancedPrivacy
 * to newer versions in the future.
 *
 * @copyright Copyright (c) 2018 Flurrybox, Ltd. (https://flurrybox.com/)
 * @license   GNU General Public License ("GPL") v3.0
 *
 * For the full copyright and license information, please view the LICENSE
 * file that was distributed with this source code.
 */
-->
<config xmlns:xsi="http://www.w3.org/2001/XMLSchema-instance"
        xsi:noNamespaceSchemaLocation="urn:magento:module:Magento_Cron:etc/cron_groups.xsd">
    <group id="enhancedprivacy">
        <schedule_generate_every>1</schedule_generate_every>
        <schedule_ahead_for>10</schedule_ahead_for>
        <schedule_lifetime>10</schedule_lifetime>
        <history_cleanup_every>10</history_cleanup_every>
        <history_success_lifetime>60</history_success_lifetime>
        <history_failure_lifetime>600</history_failure_lifetime>
        <use_separate_process>0</use_separate_process>
    </group>
</config>
